{
  "accuracy": 0.909,
  "precision": 0.9080677252568117,
  "recall": 0.909,
  "f1": 0.907068846872763,
  "per_class_metrics": {
    "sadness": {
      "precision": 0.940068493150685,
      "recall": 0.9449225473321858,
      "f1": 0.9424892703862661
    },
    "joy": {
      "precision": 0.923728813559322,
      "recall": 0.9410071942446043,
      "f1": 0.932287954383464
    },
    "love": {
      "precision": 0.8116883116883117,
      "recall": 0.7861635220125787,
      "f1": 0.7987220447284346
    },
    "anger": {
      "precision": 0.899641577060932,
      "recall": 0.9127272727272727,
      "f1": 0.9061371841155235
    },
    "fear": {
      "precision": 0.8723404255319149,
      "recall": 0.9151785714285714,
      "f1": 0.8932461873638344
    },
    "surprise": {
      "precision": 0.85,
      "recall": 0.5151515151515151,
      "f1": 0.6415094339622641
    }
  },
  "invalid_predictions": 0,
  "total_examples": 2000,
  "confusion_matrix": [
    [
      549,
      9,
      1,
      19,
      3,
      0
    ],
    [
      8,
      654,
      27,
      3,
      0,
      3
    ],
    [
      3,
      28,
      125,
      3,
      0,
      0
    ],
    [
      11,
      5,
      0,
      251,
      8,
      0
    ],
    [
      12,
      1,
      1,
      2,
      205,
      3
    ],
    [
      1,
      11,
      0,
      1,
      19,
      34
    ]
  ]
}