{
  "accuracy": 0.10827067669172932,
  "precision": 0.14838421298095425,
  "recall": 0.10827067669172932,
  "f1": 0.09823856952000629,
  "per_class_metrics": {
    "joy": {
      "precision": 0.3475336322869955,
      "recall": 0.2672413793103448,
      "f1": 0.30214424951267055
    },
    "sadness": {
      "precision": 0.0,
      "recall": 0.0,
      "f1": 0.0
    },
    "anger": {
      "precision": 0.0,
      "recall": 0.0,
      "f1": 0.0
    },
    "fear": {
      "precision": 0.21739130434782608,
      "recall": 0.01838235294117647,
      "f1": 0.03389830508474576
    },
    "love": {
      "precision": 0.14814814814814814,
      "recall": 0.017937219730941704,
      "f1": 0.032
    },
    "surprise": {
      "precision": 0.03468979319546364,
      "recall": 0.7878787878787878,
      "f1": 0.06645367412140575
    }
  },
  "invalid_predictions": 5,
  "total_examples": 2000,
  "confusion_matrix": [
    [
      155,
      0,
      0,
      4,
      11,
      410
    ],
    [
      177,
      0,
      0,
      7,
      7,
      504
    ],
    [
      27,
      0,
      0,
      5,
      3,
      124
    ],
    [
      46,
      0,
      0,
      5,
      2,
      219
    ],
    [
      27,
      0,
      0,
      2,
      4,
      190
    ],
    [
      14,
      0,
      0,
      0,
      0,
      52
    ]
  ]
}