{
  "accuracy": 0.1188883170355121,
  "precision": 0.1140557153412154,
  "recall": 0.1188883170355121,
  "f1": 0.10873579814515742,
  "per_class_metrics": {
    "joy": {
      "precision": 0.09829059829059829,
      "recall": 0.040492957746478875,
      "f1": 0.057356608478802994
    },
    "sadness": {
      "precision": 0.18161683277962348,
      "recall": 0.24404761904761904,
      "f1": 0.20825396825396825
    },
    "anger": {
      "precision": 0.019230769230769232,
      "recall": 0.025477707006369428,
      "f1": 0.021917808219178082
    },
    "fear": {
      "precision": 0.058823529411764705,
      "recall": 0.014925373134328358,
      "f1": 0.023809523809523808
    },
    "love": {
      "precision": 0.03289473684210526,
      "recall": 0.06976744186046512,
      "f1": 0.044709388971684055
    },
    "surprise": {
      "precision": 0.28378378378378377,
      "recall": 0.3333333333333333,
      "f1": 0.30656934306569344
    }
  },
  "invalid_predictions": 57,
  "total_examples": 2000,
  "confusion_matrix": [
    [
      23,
      450,
      35,
      10,
      42,
      8
    ],
    [
      167,
      164,
      28,
      6,
      283,
      24
    ],
    [
      8,
      53,
      4,
      0,
      86,
      6
    ],
    [
      15,
      105,
      116,
      4,
      22,
      6
    ],
    [
      11,
      110,
      23,
      47,
      15,
      9
    ],
    [
      10,
      21,
      2,
      1,
      8,
      21
    ]
  ]
}