{
  "accuracy": 0.893,
  "precision": 0.8922441682836012,
  "recall": 0.893,
  "f1": 0.8903868839907952,
  "per_class_metrics": {
    "sadness": {
      "precision": 0.935374149659864,
      "recall": 0.9466437177280551,
      "f1": 0.9409751924721984
    },
    "joy": {
      "precision": 0.8753280839895013,
      "recall": 0.9597122302158273,
      "f1": 0.9155799588194921
    },
    "love": {
      "precision": 0.847457627118644,
      "recall": 0.6289308176100629,
      "f1": 0.7220216606498195
    },
    "anger": {
      "precision": 0.9135338345864662,
      "recall": 0.8836363636363637,
      "f1": 0.8983364140480592
    },
    "fear": {
      "precision": 0.8970588235294118,
      "recall": 0.8169642857142857,
      "f1": 0.8551401869158879
    },
    "surprise": {
      "precision": 0.6935483870967742,
      "recall": 0.6515151515151515,
      "f1": 0.671875
    }
  },
  "invalid_predictions": 0,
  "total_examples": 2000,
  "confusion_matrix": [
    [
      550,
      14,
      1,
      14,
      2,
      0
    ],
    [
      6,
      667,
      17,
      1,
      0,
      4
    ],
    [
      3,
      55,
      100,
      1,
      0,
      0
    ],
    [
      14,
      11,
      0,
      243,
      7,
      0
    ],
    [
      12,
      7,
      0,
      7,
      183,
      15
    ],
    [
      3,
      8,
      0,
      0,
      12,
      43
    ]
  ]
}