{
  "accuracy": 0.46788990825688076,
  "precision": 0.6007164289507205,
  "recall": 0.46788990825688076,
  "f1": 0.49368406700729206,
  "per_class_metrics": {
    "sadness": {
      "precision": 0.5911251980982567,
      "recall": 0.6757246376811594,
      "f1": 0.6306001690617076
    },
    "joy": {
      "precision": 0.7569230769230769,
      "recall": 0.39805825242718446,
      "f1": 0.5217391304347827
    },
    "love": {
      "precision": 0.26380368098159507,
      "recall": 0.2925170068027211,
      "f1": 0.2774193548387097
    },
    "anger": {
      "precision": 0.7252747252747253,
      "recall": 0.25984251968503935,
      "f1": 0.38260869565217387
    },
    "fear": {
      "precision": 0.4153225806451613,
      "recall": 0.47465437788018433,
      "f1": 0.443010752688172
    },
    "surprise": {
      "precision": 0.09113924050632911,
      "recall": 0.5538461538461539,
      "f1": 0.15652173913043477
    }
  },
  "invalid_predictions": 147,
  "total_examples": 2000,
  "confusion_matrix": [
    [
      373,
      21,
      26,
      10,
      56,
      66
    ],
    [
      104,
      246,
      79,
      8,
      33,
      148
    ],
    [
      40,
      27,
      43,
      3,
      7,
      27
    ],
    [
      73,
      13,
      9,
      66,
      40,
      53
    ],
    [
      35,
      7,
      3,
      4,
      103,
      65
    ],
    [
      6,
      11,
      3,
      0,
      9,
      36
    ]
  ]
}