{
  "accuracy": 0.5385422128998427,
  "precision": 0.5623678602193224,
  "recall": 0.5385422128998427,
  "f1": 0.5270673158036137,
  "per_class_metrics": {
    "sadness": {
      "precision": 0.49352051835853133,
      "recall": 0.8146167557932263,
      "f1": 0.6146603900470747
    },
    "joy": {
      "precision": 0.7219917012448133,
      "recall": 0.5345622119815668,
      "f1": 0.6142983230361871
    },
    "love": {
      "precision": 0.20689655172413793,
      "recall": 0.1935483870967742,
      "f1": 0.19999999999999998
    },
    "anger": {
      "precision": 0.5615763546798029,
      "recall": 0.43346007604562736,
      "f1": 0.4892703862660944
    },
    "fear": {
      "precision": 0.49606299212598426,
      "recall": 0.2971698113207547,
      "f1": 0.3716814159292035
    },
    "surprise": {
      "precision": 0.625,
      "recall": 0.23076923076923078,
      "f1": 0.33707865168539325
    }
  },
  "invalid_predictions": 93,
  "total_examples": 2000,
  "confusion_matrix": [
    [
      457,
      33,
      14,
      33,
      23,
      1
    ],
    [
      171,
      348,
      80,
      28,
      22,
      2
    ],
    [
      67,
      47,
      30,
      8,
      2,
      1
    ],
    [
      101,
      19,
      13,
      114,
      14,
      2
    ],
    [
      106,
      15,
      8,
      17,
      63,
      3
    ],
    [
      24,
      20,
      0,
      3,
      3,
      15
    ]
  ]
}